{
    "pagina1": {
        "total_votes": 4,
        "total_score": 12,
        "voters": [
            1,
            2,
            3,
            4
        ]
    },
    "pagina2": {
        "total_votes": 4,
        "total_score": 10,
        "voters": [
            1,
            2,
            3,
            4
        ]
    },
    "pagina3": {
        "total_votes": 4,
        "total_score": 11,
        "voters": [
            1,
            2,
            3,
            4
        ]
    }
}